station_id,timestamp,water_level_m,rainfall_mm_1h
CTH-01,2026-10-01T08:00:00+08:00,2.03,4.2
CTH-01,2026-10-01T09:00:00+08:00,2.11,7.6
CTH-01,2026-10-01T10:00:00+08:00,2.22,12.1
CTH-01,2026-10-01T11:00:00+08:00,2.32,16.4
CTH-02,2026-10-01T08:00:00+08:00,1.65,2.0
CTH-02,2026-10-01T09:00:00+08:00,1.69,3.6
CTH-02,2026-10-01T10:00:00+08:00,1.73,5.4
CTH-02,2026-10-01T11:00:00+08:00,1.78,8.1
CTH-03,2026-10-01T08:00:00+08:00,2.10,6.1
CTH-03,2026-10-01T09:00:00+08:00,2.24,10.8
CTH-03,2026-10-01T10:00:00+08:00,2.43,18.2
CTH-03,2026-10-01T11:00:00+08:00,2.61,24.8
CTH-04,2026-10-01T08:00:00+08:00,1.87,3.7
CTH-04,2026-10-01T09:00:00+08:00,1.92,6.4
CTH-04,2026-10-01T10:00:00+08:00,2.00,9.8
CTH-04,2026-10-01T11:00:00+08:00,2.08,13.2
CTH-05,2026-10-01T08:00:00+08:00,1.55,1.4
CTH-05,2026-10-01T09:00:00+08:00,1.58,2.5
CTH-05,2026-10-01T10:00:00+08:00,1.61,4.2
CTH-05,2026-10-01T11:00:00+08:00,1.64,5.9
